task_type,pr_count,merged_count,merge_rate,body_length_median,review_count_median
bug,367,252,68.7,401.0,2.0
documentation,119,63,52.900000000000006,331.0,1.0
feature,149,81,54.400000000000006,404.0,2.0
other,482,196,40.699999999999996,427.5,2.0
