metric,pre_ai_median,post_ai_median,pre_ai_mean,post_ai_mean,mann_whitney_u,p_value,significant
merged,1.0,0.0,0.6282051282051282,0.47730398899587345,163157.5,1.4738651935272541e-06,Yes
pr_size,25.0,24.0,20084.574358974358,13137.976616231086,140044.5,0.7377377720215196,No
files_changed,2.0,2.0,194.42307692307693,94.27647867950482,144619.5,0.5608834392627822,No
commits_count,2.0,2.0,4.0717948717948715,4.731774415405777,123782.5,0.0003189750883548219,Yes
review_count,2.0,2.0,3.2717948717948717,3.500687757909216,138547.0,0.5250510806905209,No
body_length,320.0,469.0,1101.0410256410257,787.5048143053646,117336.0,2.0016097597038615e-06,Yes
