metric,start_value,end_value,kendall_tau,p_value,trend
merge_rate,69.23076923076923,21.428571428571427,-0.35441134900856147,0.00040175024830249096,decreasing
body_length,419.0,991.5,0.3496008474733339,0.000461494463544171,increasing
review_count,1.0,1.0,-0.050719672000323054,0.6489852861275427,no trend
