metric,pre_ai,post_ai,u_statistic,p_value
GFI addressed by newcomers (%),27.488514548238896,32.246740220661984,234.5,0.0039043674380331624
