year,gfi_created,gfi_with_pr,engagement_rate
2021,456,124,27.192982456140353
2022,917,246,26.826608505997818
2023,1009,273,27.056491575817642
2024,681,183,26.87224669603524
2025,237,65,27.42616033755274
